title,slug,menu,submenu,meta_description,keywords,content_type,priority
Home,home,Main,,Welcome to our professional stone fabrication company,stone fabrication granite marble countertops,page,high
About Us,about,Main,,Learn about our 20 years of experience in stone fabrication,stone fabrication company experience quality,page,high
Granite Countertops,granite-countertops,Services,Countertops,Premium granite countertop installation and fabrication,granite countertops kitchen bathroom installation,page,high
Marble Surfaces,marble-surfaces,Services,Surfaces,Elegant marble surface solutions for your home,marble surfaces floors walls installation,page,high
Kitchen Remodeling,kitchen-remodeling,Services,Remodeling,Complete kitchen remodeling with stone countertops,kitchen remodeling stone countertops design,page,medium
Bathroom Renovation,bathroom-renovation,Services,Remodeling,Transform your bathroom with luxury stone surfaces,bathroom renovation marble granite surfaces,page,medium
Our Process,our-process,About,Process,Step-by-step stone fabrication and installation process,stone fabrication process installation steps,page,medium
Gallery,gallery,Portfolio,,View our completed stone fabrication projects,stone fabrication gallery portfolio projects,page,high
Testimonials,testimonials,About,,Read what our satisfied customers say about us,customer testimonials reviews stone fabrication,page,medium
Contact,contact,Main,,Get in touch for a free stone fabrication quote,contact stone fabrication quote estimate,page,high
Request Quote,request-quote,Contact,,Request a free quote for your stone project,free quote stone countertops estimate,page,high
FAQ,faq,Resources,,Frequently asked questions about stone fabrication,FAQ stone fabrication questions answers,page,medium
Care Guide,care-guide,Resources,,How to maintain your stone surfaces,stone care maintenance guide cleaning,page,low
Blog,blog,Resources,,Latest news and tips about stone fabrication,blog stone fabrication tips news,post,medium